ID,Answer
0,白色羽毛
1,《臺灣府志》
2,袁晁
3,天津武備學堂
4,長盤勝負
5,田漢
6,1874年
7,西漢的版圖向西擴張
8,英國
9,為運送郵件繳納了事先規定好的郵資
10,周星馳
11,石田三成
12,無障礙環境
13,歐洲工業文明崛起後特殊的文化現象之一
14,2004年
15,硫-34
16,羅斯福
17,大陵五，它在2.87天的週期中，光度規則的在2.3至3.5等之間變化著
18,經濟
19,水平速度
20,愛爾蘭語
21,荷蘭
22,硫化物
23,塞爾維亞反對黨
24,1910年代
25,戰爭的另一種形式
26,拉丁文
27,猶太基督徒
28,1974年
29,霍克菲爾德
30,文化大革命
31,薩蒂里卡》
32,灣仔區
33,振州
34,形容一種無限制的、自私、而野蠻的競爭情況
35,1964年
36,新北市
37,小白宮
38,《中華人民共和國集會遊行示威法
39,南人
40,宋端宗
41,麻省理工
42,46億年
43,1070年
44,社會保障法規
45,水上報告廳
46,1929年
47,全息照片郵票
48,1932年
49,零碳天地落成，為香港政府宣布《起動九龍東》計劃後，成為九龍東首批標誌性項目之一。九龍灣也有一些住宅區，有兩大私人屋苑，分別是九龍灣站上蓋的德福花園及麗晶花園
50,康熙帝
51,武漢水利電力大學
52,1960年代
53,亞歷山大一世被刺殺
54,
55,基督教
56,阿爾法版本
57,二十六年間，南京進行了大規模的首都建設，奠定了南京現代城市發展的良好基礎。民國十八年
58,新北市教育主管機管
59,佔領行動
60,路易十五經常在宮中舉行場面浩大壯觀的典禮、晚會、舞會
61,中國國民黨
62,中生代侏羅紀
63,阿拉貢國王卡洛斯三世
64,熱帶雨林氣候
65,意圖完全擺脫漢朝的控制
66,蔣中正
67,東漢
68,噴射發動機
69,弘治十二年
70,亞洲
71,1994年
72,美國
73,氦
74,人縱然賺得了全世界，卻賠上了自己的靈魂，為他有什麼益處？
75,汽車以外的交通而供用的道路。
76,大韓生命保險公司大樓
77,朱少文
78,羽柴秀吉
79,克萊蒙梭
80,金泳三
81,1958年
82,靈魂
83,科龍港
84,蓋爾人
85,科學知識及技術的發現
86,保山市
87,隋滅南陳
88,佛教
89,1861年
90,豐臣秀吉
91,江北地區
92,英國
93,人民公社化的第一步
94,武漢水利電力大學
95,蘇利南
96,1934年
97,檸檬酸咖啡因療法
98,1919年為止一直保留國大黨的身份，在其雙層身份期間，他被尊為國大黨的代言人，與此同時奈都夫人則被尊為「印度教-穆斯林團結大使
99,1949年
100,大象
101,1915年
102,1000年
103,有絲分裂
104,美國
105,巴爾米拉王國
106,仁祖
107,436000人，是東北亞較大的少數民族，有自己的自治共和國，首都是烏蘭烏德。他們是分布最北的蒙古人。布里亞特人分前後貝加爾共有十個
108,佛學論書
109,戰基處
110,漢諾瓦
111,4天
112,1944年
113,安娜·德·薩伏伊皇后
114,巴夏禮
115,哈林河
116,孟加拉
117,傳統音樂
118,中原
119,荷蘭語
120,美國國家歷史名勝
121,總理
122,波斯人
123,王樹民
124,高句麗安藏王被刺殺
125,複雜及未標準化
126,二千九百公尺
127,
128,害怕德軍在東線戰線上沒有足夠兵力應付俄國
129,
130,用來運貨
131,公民權
132,西人黨
133,4年
134,臺北
135,查莫洛人
136,杭縣
137,蘇聯國旗
138,20%
139,1941年
140,1940年成立的麻省理工放射實驗室，協助英國軍方發展多腔磁控管雷達技術
141,石齋畫報
142,
143,1988年
144,上吊方式
145,吉米卡特
146,沈括
147,《布告各省公啟》
148,阿拉里克
149,俄國內戰
150,髒層
151,男性
152,1949年
153,
154,清光緒十七年
155,「雕像」
156,國共內戰戰況失利
157,
158,乙醚
159,唐代宗
160,卡爾梅克人
161,2000年
162,63位
163,教宗卡利克斯特三世
164,古希臘時代
165,「[UNK]
166,
167,蔣中正
168,農業
169,網景公司
170,9月2日
171,1998年
172,
173,
174,公元68年
175,趙佗
176,艾德溫·史密斯紙草文稿》是人類史上第一部醫學著作，由莎草紙
177,香港特別行政區政府部門及聯合國屬下的世界氣象組織成員
178,是普魯士為了統一德國，並與法國爭奪歐洲大陸霸權而爆發的戰爭
179,1610年1月7日
180,創建強力政府，建立社會保障，整理整個社會，重建國家榮譽
181,28歲
182,1949年9月
183,保加利亞
184,
185,10度
186,自由黨
187,亞非
188,波士頓
189,1912年
190,網球正拍擊球
191,設立後箱館裁判所
192,明朝
193,古羅馬[UNK]中世紀
194,2000年
195,1998年
196,道縣玉蟾岩
197,
198,峽灣
199,阿森納女子足球俱樂部
200,社會主義市場經濟
201,較有消費能力的居民
202,1920年
203,美元
204,多倫多
205,
206,彌爾
207,中央情報局
208,珍妮·蓋諾
209,在時域上數學形式為連續函式的訊號
210,百濟也與中國南朝保持緊密的接觸，這種緊密的外交接觸在百濟個性溫和的雕塑中得到證實
211,普尼沙·拉契奇
212,義大利的威尼斯影展
213,清涼
214,新北市
215,聯盟合作
216,甲午戰爭
217,克孜勒
218,解散食堂
219,好在歷史是人民寫的
220,美觀
221,中部科學園區
222,西部地區
223,1982年
224,1449年
225,皇帝
226,斯洛伐克
227,國立廣東大學
228,美國發明家
229,2006年
230,沒有
231,《人體器官移植條例》
232,元
233,1624年，原佔領澎湖的荷蘭人和明軍簽約，放棄其在澎湖的經營，轉而登陸臺灣南部，屬於荷蘭東印度公司的荷蘭人首先在「北汕尾」建立簡易的商館，同年，於「一[UNK][UNK]」築起了「熱蘭遮城」，以此作為統治中心，為增加米、糖等農作物產量
234,三倍
235,耗盡了核心的氫燃料
236,颱風
237,2016年
238,1968年
239,30個
240,由一名全職教授授課。
241,[UNK]包茂
242,現代化建築
243,阿美族
244,歐洲歷史的一段時期，是中世紀發展最高峰期，一般認為包括11世紀、12世紀和13世紀，承接中世紀前期和後期。
245,2013年
246,赫爾伯特·查普曼
247,由於據傳在與比提尼亞國王的性行為中處於被動地位
248,七年
249,洛杉磯湖人
250,溥[UNK]
251,中國人民解放軍創始人
252,
253,民政長為巡按使
254,風之國度
255,1946年
256,為漢語拼音方案
257,1984年
258,地面車站
259,不萊梅
260,法蘭西第二帝國
261,閩南人
262,全勝
263,利用小型雷達測距儀追蹤目標的距離，協助飛行員找到最佳射擊時機
264,地心說
265,濃度低
266,光緒年間
267,明朝
268,1848年
269,1954年
270,1997年
271,南朝鮮
272,《南華早報》
273,可以麻痺嗅覺神經
274,希臘-巴克特里亞王國
275,阿聯
276,交通基建
277,紅軍
278,荷蘭人
279,天狼星在東方地平線的出現
280,心肌細胞
281,1961年，韓國人均國內生產毛額僅為80美元，80%的人口為文盲。韓國政府將15-20%的財政支出用於教育。1975-1985年
282,梵蒂岡
283,女神大橋
284,1237年
285,東羅馬
286,晉安帝左右侍從密謀以毒酒毒殺安帝，王韶之
287,奧匈帝國
288,紐約影評人協會
289,1655年
290,清
291,美川王
292,胡安·林茲
293,日本
294,1954年
295,自行
296,諸葛長民
297,
298,383年
299,羅納爾迪尼奧
300,
301,
302,利奧三世
303,拉丁字母
304,將飛行員的控制命令透過電線與電子裝置，轉換為對控制面的驅動訊號與力量
305,乙醚
306,中緬大戰
307,斯德哥爾摩
308,第三紀中新世
309,中華民國
310,高麗時期
311,靳雲鵬
312,1958年
313,《馬德里議定書》
314,
315,曹魏故都智慧之旅
316,埃姆斯蘭高速公路阿31
317,布爾什維克革命
318,民主黨改革
319,彌爾
320,感光細胞
321,1928年
322,期貨合約
323,十多個
324,300美元
325,楊宇霆
326,民國33年黔南事變後，經時任中國陸軍總司令何應欽的推薦，楊森於民國34年1月調任貴州省政府主席。楊森在貴州當政期間，提出了「建設新貴州」
327,元世祖
328,力自行車
329,數學
330,亞熱帶季風氣候
331,經濟
332,阻塞維持的時間
333,高拱乾
334,愛爾蘭語，在英語中也稱為[UNK]、[UNK]、[UNK][UNK]或[UNK]，因此在漢語中愛爾蘭語
335,失分
336,銃炮
337,1959年
338,1980年代
339,凱·艾維州長
340,[UNK]
341,烏蘭牧騎式
342,希伯來文
343,第四心音
344,2010年
345,武漢
346,1868年
347,托土拉島
348,
349,倫敦大學
350,1888年
351,岡仁波齊峰
352,1973年
353,突厥
354,大島造船所
355,南斯拉夫社會主義聯邦共和國
356,發揮其強大的經濟潛力，以達到成為非洲主要經濟體的目標
357,硫
358,與丹尼索瓦人混血
359,忽必烈
360,威尼斯聖馬可教堂的帕拉多霍
361,2000年
362,蝸牛狀
363,萊茵蘭
364,1954年
365,韓國
366,熱帶加勒比海島嶼
367,1955年
368,史都華
369,1910年
370,中亞地區
371,該國訛答剌地方大臣海兒汗亦納勒術前後兩次屠殺蒙古商隊並侮辱蒙古使臣
372,1958年
373,2011年
374,地球優先
375,巴爾的摩
376,中華民國政府
377,社團部
378,因為她以為托爾金已經忘了她。兩人在一個鐵路橋下見面重續舊情。伊迪絲歸還了訂婚戒指，聲明她會與托爾金結婚。他們訂婚後，伊迪絲不情願地在托爾金的堅持下宣布自己皈依羅馬天主教
379,全息照片郵票
380,孔子
381,大連路的地鐵站2號口
382,2005年
383,中國官員承認中國器官移植手術所使用的人體器官大部分來源於被判處死刑犯人的自願捐助
384,太陽恆定
385,60
386,心臟泵出的血流只有一股。圓口綱
387,1809年
388,英國壟斷原材料市場
389,民國36年
390,害怕德軍在東線戰線上沒有足夠兵力應付俄國
391,幅員遼闊
392,伯克制
393,擺脫螺旋槳在接近音速時的上限
394,國家起源說
395,路易·巴斯德
396,中部科學園區
397,宣統三年九月十九日
398,1976年
399,高麗作品
400,黑死病
401,突厥語
402,拉海納
403,約翰·坎貝爾
404,8小時
405,「樂壇女王
406,民國16年
407,國立廣東大學
408,自殺
409,六億七千多萬美金
410,妖怪
411,
412,低地蘇格蘭語
413,空氣
414,非常混亂
415,漢語
416,清太宗
417,信陽市
418,1000
419,准將
420,質量
421,科技
422,媽祖
423,鮑德溫伯爵
424,七屆四中全會
425,20餘米
426,蘇丹
427,行軍大總管
428,長高約八公分
429,2005年9月
430,天文和天文物理
431,那拉氏
432,辛酉政變
433,銅的礦物
434,統一企業
435,連續的日數
436,病毒載體
437,陳誠
438,2005年
439,
440,進出口貿易
441,中原大戰
442,1972年
443,天皇
444,731美元
445,蒙德維爾
446,嘉義市
447,說明糧食生產的豐富
448,肺呼氣機制，但部分語言也會使用緊喉音、內破音、搭嘴音等氣流機制
449,五角星
450,君士坦提烏斯
451,航海工業
452,
453,匿蹤性能較佳
454,
455,1945年
456,一條簡單的直線
457,人民路
458,盟旗制
459,日本設總督府統治全臺，正式施政。自此至二戰結束為止，其間名稱多次變更。明治三十九年嘉義大地震，城垣全毀，僅存東門。次年，日本
460,布朗茜
461,南緯30度
462,一次大戰期間
463,溫布頓網球錦標賽
464,美國
465,自由派，另一個是?[SEP]是拿破崙一世的幼弟路易·波拿巴，而他的母親則是拿破崙的繼女奧坦絲·德·博阿爾內。因此，他是拿破崙的侄子。路易-拿破崙父母的婚事，是由拿破崙的妻子，約瑟芬皇后安排的，目的是為當時膝下無兒的拿破崙生下一個繼承人
466,[UNK]
467,路吉阿諾斯
468,1911年
469,1982年
470,七年
471,奧地利
472,貝爾實驗室
473,譚詠麟
474,吳三連
475,1918年
476,郭松齡
477,1月7日
478,掃雷艇部隊
479,海都之亂
480,赦免權
481,民國15年
482,1976年
483,波你尼
484,匈奴
485,線傳飛控
486,韓朝
487,烏孜別克人
488,2555公里
489,第一次國共內戰
490,118年
491,茲維亞德·加姆薩胡爾季阿
492,以避免造成路口交通不暢
493,反潛直升機而設置的機庫和飛行甲板也被安裝到驅逐艦上。為控制導彈
494,荀子
495,清朝
496,9
497,雙北合作交流平台
498,可以有多部電腦介入飛控系統操作
499,中國政法大學
500,瑪黛茶
501,中華民國空軍
502,矽酸鹽
503,古代
504,民國4年12月25日
505,西格里
506,地球解放陣線
507,1949年
508,貝爾根
509,青蓮居士
510,朱元璋
511,財富
512,低稅賦
513,小選舉區制
514,東歐
515,抗議活動
516,自由放任
517,生化武器
518,四年
519,段祺瑞
520,湯瑪斯伊格頓
521,新店
522,1902年
523,蝸頂
524,戰後1950年代
525,2.80
526,利用小型雷達測距儀追蹤目標的距離
527,2002年
528,氫硫酸
529,共和時期的法國人，只會記得拿破崙在位期間的獨裁作風
530,無法弄清楚如何加入圖像。無法弄清楚如何顯示帶連結的文字
531,黨費
532,沒有兩性的分化，在同一個生物體中可能同時有雄性及雌性的生殖器官
533,經濟建設
534,《實業部組織法》
535,米菓
536,
537,帕吉勒提河
538,「西南美麗的地方」
539,「天」的至高無上
540,開羅
541,1932年
542,林紹良
543,1955年
544,多倫多運輸局
545,公元前一世紀
546,工事
547,1898年
548,老虎
549,狄拉克
550,唐代宗
551,健康寫實電影
552,北竿島的壁山標高291.7公尺，為馬祖列島第一高峰。南竿
553,矮星
554,中生代
555,伊爾庫茨克國立大學
556,鐵木真
557,23406人
558,1789年
559,兩個
560,永康方巖
561,1897年
562,
563,
564,總兵官
565,《歷史》
566,高速線哈大客運專線
567,民國廿二年許昌縣誌記載：許昌古城在城東30里，圍九里一百二十九步。相傳曹操所築，今存遺址。至今城垣輪廓依稀可辨，夯地土層清晰可見，漢磚瓦塊俯拾皆是。1986年，該遺址被河南省人民政府公布為省級文物保護單位。
568,自然科學研究
569,反文化運動
570,英國
571,郭沫若
572,轟炸機
573,小型雷達測距儀
574,義大利
575,中世紀的漢撒同盟時代
576,聽放線
577,刺史
578,
579,至元三十年
580,多數派
581,
582,陶瓷
583,1980年代
584,法國
585,密西西比
586,1997年
587,隋代運河舊道
588,3年
589,[UNK][UNK]
590,1959年7月
591,101公里
592,國務院常務會議
593,低倍率
594,喬治亞共和國
595,1943年
596,全面性
597,頭盆不相稱
598,聯邦制國家由各個聯邦成員組成，各成員單位先於聯邦國家存在
599,韓國
600,感染，更不會採取任何有效措施來預防感染
601,20%
602,瀕危物種
603,越戰
604,民主
605,智慧地使用冷氣
606,濕熱
607,金華
608,1928年
609,通過衛星將地面基站發射的微波訊號遠距離傳輸，最終用戶使用定向天線
610,笛卡爾
611,1897年
612,中山盛產海鹽
613,中國人民銀行籌備處
614,市場分析
615,上海南站
616,2005年
617,家庭喜劇片
618,反對同性婚姻者
619,婦女
620,取消朱標的明興宗廟號
621,
622,史彌遠
623,自由民主黨
624,傳播色情
625,電穿孔細胞
626,哈大客運專線
627,第五區
628,最古老的活躍軍事單位
629,1982年
630,漢武帝
631,以東地區
632,要求蘇方撤軍
633,巴黎聖母院
634,西方文明開始衝擊朝鮮半島
635,漢武帝
636,1936年
637,預言
638,非商用
639,五桂山
640,枇杷
641,嘉義市豎立了嘉義市
642,三級產業以43.2%領先製造業
643,29個
644,民國31年
645,10月10日
646,名人傳
647,元音
648,第二次世界大戰
649,5000噸級
650,敘利亞
651,2015年年底
652,古漢語
653,22年
654,阿列克修斯四世
655,尼安三世
656,印度次大陸
657,中華民國空軍
658,1955年
659,16世紀末
660,油氣開發
661,地球大氣層及其他天體之外的虛空區域。與真空有所不同的是，外太空含有密度很低的物質，以電漿態的氫
662,明孝宗
663,喀喇汗國
664,第一區
665,1925年
666,照射紫外線
667,九一八事變
668,春秋
669,史前人類宗教信仰和習俗的總稱
670,福建北茭半島
671,1899年
672,牟定縣
673,聖武記
674,中央窩
675,利奧三世
676,「殖民主義
677,奧德
678,30米以上
679,溫度
680,積極性
681,麥克萊倫
682,赤城鎮政府街1號
683,外層的纖維心包
684,羅非魚
685,潘普洛納
686,阿爾邁山礦泉
687,1848年
688,《臺灣府志》
689,杜林
690,第八位
691,決勝局開始
692,民國39年
693,北京郵票廠
694,由亞歷山大漢密爾頓領導的執政黨-聯邦黨
695,超新星
696,全斗煥
697,西部草原的緣蘭花屬於瀕危物種。
698,[UNK]啦啦隊長
699,民法
700,382年
701,軍隊編制問題
702,沈葆楨
703,
704,1
705,何韻詩
706,1923年
707,阿基米德
708,2009年
709,湘西土家族苗族自治州
710,許貢
711,可可鹼
712,
713,金礪
714,22
715,公共健康與醫學領域
716,反法盟軍雖然有著兵力上的優勢，但卻不再主動進攻法國。這是因為反法同盟的主力英國鑑於俄國於同期的大北方戰爭中獲勝，為防俄國從此稱霸北歐，必須趕快對法國停戰，以抽身制衡俄國。
717,1962年
718,洪武三十一年
719,國民黨
720,奧匈帝國
721,突厥汗國
722,白矮星
723,咖啡因
724,劉牢之
725,圓錐形
726,漳州人
727,6個小時
728,1866年
729,分發式政策
730,
731,通過衛星將地面基站發射的微波訊號遠距離傳輸，最終用戶使用定向天線將接收的訊號通過解碼器解碼後輸出到電視終端收視的一整套過程。
732,金正恩
733,第一
734,愛德華·懷克-史密斯
735,西班牙瓦倫西亞
736,1787年
737,元惠宗
738,湘江
739,1898年
740,守舊派
741,新加坡
742,端敬王后
743,中生代
744,約瑟夫史達林
745,中國共產黨
746,修改國會選區
747,強制安裝子宮避孕環
748,恩琴
749,全國人民代表大會常務委員會
750,蔡素玉
751,棕矮星
752,用來嚇阻鳥群
753,為推行反共政策
754,
755,
756,分子雲內部
757,汗國
758,君士坦丁堡城
759,1916年
760,1939年
761,東三省巡閱使署衛隊旅第二團團長
762,東南亞南島民族
763,1970年
764,麥迪遜分校
765,恢復期長
766,闕毗伽·卡迪爾汗
767,帕拉多霍祭壇組雕
768,資格賽
769,周貽淦
770,民國16年
771,公元前三世紀
772,三監之亂
773,周恩來
774,馬略
775,至元十三年
776,妖怪
777,1970年代
778,圖西族
779,聖餐持紀念說
780,自殺罪
781,三國志
782,地心說
783,長沙太守
784,凝固是指在溫度降低時，物質由液態變為固態的過程，物質凝固時的溫度
785,2002年
786,
787,比利時
788,乙氧基乙烷
789,「宇宙是從何而來？
790,「兄弟國的盟約」
791,2011年
792,硫
793,1979年
794,義大利
795,村塢型經濟
796,卡拉恰伊湖
797,宋理宗
798,阿拉里克
799,廣州
800,共和黨
801,百濟
802,二戰的爆發
803,1976年
804,上海
805,1949年
806,麻省理工學院
807,階級社會
808,1920年代
809,部隊局
810,1449年
811,1970年
812,隆武帝
813,海戰
814,申侯
815,《黑色道格拉斯》
816,雙汗制
817,23
818,半軍事管制
819,國際奧委會
820,恆星自轉
821,人文關懷
822,1956年
823,《產假和保護婦女兒童權利法》
824,民國前香港為革命基地
825,美國太平洋艦隊潛艇部隊第81分隊
826,夫餘國
827,人民頻繁的遷移
828,四世紀
829,境外節目
830,造成政府的長期不穩定
831,英國
832,1927年
833,高句麗
834,蘇區
835,臺北縣改制新北市
836,大火
837,1940年
838,文化人類學
839,1987年
840,此份研究實無參考價值
841,黃河流域和海河流域。東部主要有松溪河、清漳河、濁漳河；西部
842,關漢卿
843,湯玉麟
844,陳平順
845,低自轉速速
846,厄德
847,整個站體都位於天橋上的車站
848,1955年
849,外蒙古等五國申請加入聯合國
850,金屬出現的時代
851,
852,國定假日
853,德國人
854,
855,羅馬帝國
856,分子雲
857,猶太人
858,擔心引起教會勢力的強烈反彈
859,1987年
860,韓國
861,朱載[UNK]
862,
863,法文老師
864,玻里尼西亞
865,廉興
866,基因特質
867,印地語
868,哥白尼
869,江青
870,長高約八公分
871,第二產程，即胎兒娩出期
872,民國42年
873,一所在武漢、北京兩地辦學，具有四個相對獨立實體的特殊大學
874,中國科學技術大學副校長
875,咖啡因
876,君士坦提烏斯
877,2000年6月
878,京釜高速線
879,美西戰爭
880,尊漢思想
881,男性
882,眾神之王宙斯的戀人之一：埃歐，祂是希拉的女祭司
883,供應服務過多
884,「1910年革命」
885,洛邑
886,士人
887,杜慧度
888,制憲改革
889,元帝國
890,斯塔福德郡
891,義熙十四年
892,劉少奇
893,2002年
894,小學
895,難以運用科學方法證明其真偽
896,國家安全局
897,冷戰時期
898,1989年
899,紅巨星
900,顯微注射
901,馬可波羅
902,歐洲東部
903,上海鐵路局
904,人民幣
905,俄國對此通牒置之不理
906,德語聖經
907,自主選擇權，需要開具引產證明。在生育自主權上，未婚女性不具有使用精子庫
908,質量
909,加拿大軍事基地。基地擁有飛行運行支持部門和幾所航空培訓學校，以及加拿大空軍一師和加拿大北美空防司令部地區總部。加拿大軍隊第17聯隊
910,
911,1950年代
912,文藝復興運動
913,性犯罪
914,文藝復興式
915,淮安
916,1584年
917,1989年
918,西部魯爾區
919,柏林國際廣播電台
920,最遙遠
921,11世紀
922,使郵驛通信十分有效地發揮效能
923,超文字預處理器指令碼
924,人文
925,1949年
926,67個
927,1月1日
928,2000年
929,萊茵蘭
930,黑龍江礦產
931,私立大學
932,3座
933,為早期韓國華僑的聚集所在
934,姑臧
935,林紹良
936,李准
937,輔音
938,野生稻
939,宋真宗
940,120%
941,美國聯邦調查局
942,6月
943,由桃花石、契丹和喀喇汗國所構成
944,經元善
945,路易十四
946,韓國
947,0.07個
948,閩南人
949,民國28年
950,田漢作詞、聶耳作曲。實際上，聶耳
951,公共汽車
952,核質
953,鴨巴甸，以紀念當時英國的外交大臣鴨巴甸勳爵。而於香港日治時期，香港仔曾被改名為元香港
954,正教
955,八角鼓
956,勝利者強加於失敗者的和平，是對德國的一種羞辱
957,水上報告廳
958,1642年
959,韓國教育部
960,拔都
961,德魯修斯
962,芝大
963,工業
964,
965,紐格威森林
966,2012年
967,拿破崙
968,屋大維
969,97年
970,從雷達監測颱風雨帶
971,市場經濟
972,公元前就同阿拉伯半島、波斯、印度等地有貿易往來。伊斯蘭教於8世紀或9世紀時傳播到坦尚尼亞的沿海地區。阿拉伯人於10世紀末
973,亞歷山大六世
974,
975,四·五天安門事件
976,20世紀60年代到70年代初
977,1956年
978,由於一些國家採胡漢分治的制度
979,涵元殿
980,郭沫若
981,漢文
982,12次
983,科學社會學
984,1138公頃
985,《中華人民共和國村民委員會組織法》
986,荷蘭
987,聯合國專家
988,《少林足球》
989,內陸地區
990,國大黨
991,當時鱷魚一類的冷血動物卻存活，還是無可解答。
992,毒品
993,物種形成
994,1252年
995,元朝
996,1929年
997,1972年
998,
999,西格里
1000,環境保護主義
1001,詹姆士·麥迪遜
1002,1946年
1003,蘇聯紅軍
1004,外匯帳戶
1005,1982年12月8日
1006,印第安納大學
1007,太陽
1008,修道主義
1009,法蘭西第五共和國建立時
1010,亞歷山大漢密爾頓
1011,中國
1012,1959年
1013,國務委員會委員長
1014,紐約尼克
1015,蓋銷票
1016,東校區
1017,100萬到1兆倍
1018,第二代
1019,匈奴
1020,9月2日
1021,
1022,工程化核酸酶
1023,伊薩克二世
1024,馬克西米安
1025,外部刺激
1026,艾森豪
1027,琉球人誤闖排灣領土事件
1028,
1029,為了躲避戰亂
1030,江東
1031,
1032,狄拉克
1033,落實外交政策
1034,1826年
1035,輔音
1036,老三人團
1037,舊石器時代晚期
1038,公元前1世紀就與印度建立了貿易航線。在古希臘
1039,荀子
1040,集團軍
1041,重慶公立法政專門學校
1042,
1043,屋大維
1044,韓語
1045,倫敦霍洛威
1046,臺北市北投區復興三路70號復興岡居所
1047,烏爾蘇拉
1048,1980
1049,印度洋
1050,維持現狀
1051,挪威
1052,《渡假留香》
1053,精神疾病
1054,龍川鎮
1055,西
1056,李紳
1057,通常由架空高架電纜供電、電動機驅動，依賴固定軌道行駛的公共運輸工具
1058,帝位世襲
1059,1060公釐
1060,1939年
1061,敵
1062,荊州劉表
1063,阿里海牙
1064,北平綏靖公署主任張學良轉任軍事委員會北平分會副委員長
1065,英美法系
1066,石油危機
1067,唐朝
1068,峽灣
1069,1920年
1070,
1071,字喃
1072,蔣在珍
1073,1912年
1074,1627年
1075,環境污染
1076,阿內加達島
1077,唐生智
1078,夏季
1079,新北地方法院
1080,戴克里先
1081,6世紀
1082,24所
1083,甘肅省
1084,每局比賽前由裁判報出本盤比賽的比分
1085,1所
1086,義大利耶穌會
1087,一個
1088,
1089,三次
1090,為了獲得大寧地區的駐牧權
1091,俗語
1092,張學良
1093,對牛羊的毒性較其它動物要大
1094,觀察使
1095,明朝
1096,1967年
1097,具備多功能性
1098,1932年
1099,鐮倉幕府
1100,世稱恭順
1101,河川
1102,二戰
1103,軍事改革對羅馬歷史的發展有著深遠影響。改革擴大了兵源，增強了軍隊戰鬥力，但同時也使軍隊性質逐漸發生變化，為日後的軍閥出現以及軍事獨裁的建立奠定了基礎，馬略一就任，就立即著手開始進行軍事改革。他一反舊制
1104,南越國
1105,汗位取得不合法
1106,都洛總督
1107,莊士敦道
1108,帕塔普斯科河
1109,1945年
1110,義熙十一年
1111,政府資助研究項目
1112,芬蘭的赫爾辛基
1113,《男人四十》
1114,羅馬帝國
1115,1846年
1116,日俄戰爭
1117,邱行湘
1118,尊為官學，使得理學得以北傳
1119,阿希佩戈拉公國
1120,阿拉伯半島
1121,塞爾維亞
1122,印度的旁遮普邦
1123,下級附庸貴族
1124,五大老
1125,日本
1126,傑羅姆·威斯納
1127,慕容垂
1128,有利於推行人民幣計價結算，便於貿易
1129,教育產業化
1130,
1131,美國
1132,山東半島
1133,聖奧古斯丁
1134,路加
1135,弱勢群體
1136,大正天皇
1137,水上報告廳
1138,歷代
1139,義輝
1140,民主黨因奴隸制度
1141,精神醫學
1142,印度教巴克提派的虔信運動
1143,斯拉夫人
1144,第4
1145,聯邦制
1146,1807年
1147,英國
1148,瑞士蘇黎世州
1149,七月初四
1150,英國
1151,76間
1152,民國19年
1153,50元
1154,中華民國在臺澎金馬舉行首次總統直選
1155,7
1156,收割機
1157,七個
1158,周恩來
1159,卡加梅
1160,君士坦丁大帝
1161,天城體
1162,5月17日
1163,報導企業資金動向的現金流量表也獲得許多企業經營者的重視，將之列為必備的財務報表
1164,自然
1165,理學學士
1166,德川家康
1167,空射火箭
1168,1836年
1169,敘利亞
1170,劉嘉玲
1171,德里克·羅勃茲
1172,伊斯蘭教
1173,地球生態系統服務對人們的恩典
1174,哥廷根亨德爾國際音樂節
1175,滬昆高速公路
1176,直徑10公分以上
1177,法國
1178,非歐幾里得幾何中也可以定義角，特別是在球面幾何學中的球面角是用大圓的圓弧代替射線。角在幾何學和三角學中有著廣泛的應用。幾何之父歐幾里得
1179,道本頓
1180,通州
1181,製導
1182,《血盟救國軍軍歌》
1183,廣州
1184,靜脈通常血壓會比動脈血壓來得低。心臟壓縮的速率在人休息時，大約是每分鐘72次。運動會短暫的增加心跳速度，但長期而言會降低靜止心率
1185,為當時膝下無兒的拿破崙生下一個繼承人
1186,
1187,亞洲
1188,2010年臺北國際花卉博覽會
1189,兀良哈三衛
1190,自由主義
1191,1874年
1192,衝動排放
1193,土耳其飯
1194,李克強
1195,河東道
1196,挑戰
1197,哈拉[UNK]
1198,自然環境
1199,韓國
1200,代替太原綏靖公署職權
1201,密度極高
1202,46公里
1203,公元第二世紀
1204,佛倫丁
1205,北宋時期
1206,吉隆坡
1207,1885年
1208,河西姑臧還成為絲綢之路上的經貿外來重鎮。至於留在中原地區的人民則庇護在塢堡或是部落貴族。塢堡大多由世族豪強建立，主要作為軍事防衛
1209,發展局
1210,埃歐本身沒有磁場
1211,北京電視台
1212,舟山專區
1213,十月革命
1214,英國
1215,美國大學協會
1216,公共教育經費
1217,王鐵漢
1218,開京
1219,美國大蕭條時期
1220,解決元成宗時期的財政危機
1221,比薩人
1222,明文
1223,陳誠
1224,全印穆斯林聯盟
1225,後受通古斯人壓力
1226,喇嘛教
1227,古墳時代
1228,不到100公里的距離
1229,建設中國特色社會主義
1230,劉裕
1231,
1232,鮑德溫伯爵
1233,佛教
1234,今天
1235,東歐
1236,高雄市
1237,鄧小平
1238,南斯拉夫
1239,武陵
1240,瓜拿納因
1241,1789年發生的哪一個事件而解散?[SEP]最早的餐館存在於各地古代政府建立的驛站體系中。餐館在13世紀的中國杭州
1242,自由韓國黨
1243,安理會改造
1244,英國
1245,積極進攻
1246,貝爾實驗室
1247,1898年
1248,義大利工業的代表
1249,火箭發動機
1250,自律心肌細胞
1251,在軌道上驅動列車
1252,聖喬治拉丁文學校
1253,1260年
1254,1948年12月1日
1255,武宗系
1256,戊寅靖社
1257,魏博拉盧比民達行業工會
1258,文章奧府
1259,繁衍後代所需基因物質產生的方式
1260,富利
1261,海南島
1262,安德魯約翰遜
1263,普林斯頓大學
1264,8歲
1265,釣魚台國賓館
1266,伊達政宗
1267,量子物理學的進展
1268,民國5年
1269,農行紐約分行
1270,希洛克勒斯
1271,班傑明·富蘭克林
1272,臺灣
1273,第二代
1274,明治維新
1275,北京市
1276,晶體狀態
1277,哈利里德
1278,對空警戒
1279,柏拉圖
1280,波蘭人
1281,六四事件而大受衝擊，1990年發生了907事件，1994年千島湖事件
1282,英祖四年
1283,改良式腳踏車
1284,京劇
1285,64個
1286,
1287,超文字
1288,1960年
1289,精神哲學、計算機科學、神經科學
1290,廣府話
1291,威爾特·張伯倫
1292,粳稻
1293,挪威
1294,萬億位元組
1295,中國郵政集團公司
1296,金礪
1297,我們是一個民族！
1298,368011人
1299,福島縣會津地區
1300,1989年
1301,土地銷售
1302,
1303,史蒂夫·鮑爾默
1304,天花病
1305,牡丹峰樂團
1306,西藏的一半以上。雅魯藏布江流域為西藏
1307,3
1308,修水
1309,藝術家村
1310,第一公民，譯自於拉丁語的「[UNK]
1311,「豫」
1312,1919年3月1日
1313,熱帶
1314,大越史記全書
1315,登島
1316,萊爾德貝爾法四合院，社會服務管理學院建築群，哈里斯公共政策研究學院
1317,普選制度
1318,世宗大王
1319,公共健康與醫學領域的研究，同性婚姻法制化，不但對減少男女同性戀與雙性戀有關的汙名、誤解、和歧視有正向影響，更能改善促進同志人群的身心健康。
1320,1969年
1321,社會民主黨
1322,收割機
1323,差異大
1324,469年
1325,病態賭徒
1326,全國人民代表大會
1327,外太空
1328,
1329,民族區域自治理論
1330,西班牙
1331,1913年
1332,印尼
1333,鐵
1334,普羅斯佩·梅里美、維歐勒·勒·杜克
1335,廣東省
1336,小熊
1337,羅馬法
1338,心理學
1339,希臘
1340,拉丁字母
1341,《中俄密約》
1342,史都華
1343,
1344,24英吋克拉克望遠鏡
1345,生物質
1346,學會部
1347,
1348,800餘種
1349,類比訊號
1350,白族、漢族，還有哪一個民族?[SEP]、回族，少數民族人口占總人口的39.1％，農業人口
1351,視錐細胞
1352,人口
1353,威廉二世
1354,政治局擴大會議
1355,瀧川事件
1356,君士坦丁大帝
1357,美國國家草地網球聯盟
1358,1932年
1359,阿爾法
1360,鐵鉉
1361,外交手段
1362,1684年
1363,2008年
1364,阿基米德
1365,2002年
1366,1918年
1367,脂肪
1368,魯宗之
1369,為了進一步驅逐西班牙勢力，荷蘭人於1642年攻佔了西班牙的佔領的雞籠地區，趕走了西班牙人。荷蘭所侵佔建立的殖民王國，是臺灣歷史上第一個有系統統治的政權，並有少量對平埔族的教育與傳教事業
1370,大韓帝國
1371,2012年
1372,電穿孔
1373,印度洋暖濕氣流
1374,太白山脈
1375,日韓併合
1376,速度
1377,民國十八年
1378,太白山脈
1379,50元
1380,
1381,東北停戰協定
1382,1980年
1383,1985年
1384,4世紀
1385,教會傳教工作計劃
1386,公元前三世紀
1387,車站
1388,1920年代
1389,1997年
1390,牛津大學
1391,張學良
1392,越南
1393,1914年
1394,有關和平、社會議題的國際性會議
1395,2300多種
1396,燃料或者工業原料，活著或剛死去的有機物
1397,菲律賓或印尼女性
1398,40倍
1399,1956年
1400,紅
1401,1856年
1402,庄[UNK]
1403,反革命事件
1404,夫人王光美
1405,理察·科伯恩·麥克勞林
1406,西德
1407,1624年
1408,15%
1409,蔣中正
1410,奈及利亞
1411,美國人
1412,1979年
1413,
1414,桑
1415,二戰後，大量從東歐和波羅的海沿岸的前德國疆土被驅逐的難民在下薩克森邦落腳定居
1416,2013年2月28日
1417,1950年
1418,震撼英國在印度的統治
1419,明治大學
1420,科學家」，而被視為科學上的哲學家
1421,五名
1422,惠宗
1423,膽固醇
1424,馬來-玻里尼西亞語族
1425,種族滅絕的反應有限，聯合國維和部隊已是不堪重負
1426,傳回大量豐富有價值的科學資料
1427,梅里亞姆-韋伯斯特字典》定義，獨裁政體是一種政府形式，由一個單一個人，或一個小群體，集中掌握了絶對的權力
1428,顯性文明
1429,北元時代
1430,43人
1431,鋅指核酸酶
1432,劉牢之
1433,超級模特兒
1434,靈長目動物只有一個中央窩，有些鳥有兩個中央窩，狗
1435,志費尼
1436,古巴共產黨
1437,《鋼鐵是怎樣煉成的》
1438,1994年12月1日
1439,最高榮譽大獎
1440,錫克教
1441,唐朝武德二年
1442,《雙虎屠龍》
1443,遠古百越族
1444,
1445,哈利里德
1446,伊斯蘭教
1447,徐樹錚
1448,元世祖
1449,網球場宣言
1450,英屬維京群島
1451,對空警戒
1452,支持美利堅聯盟國
1453,南朝鮮
1454,酋長
1455,失業保險費
1456,中國
1457,大學
1458,九龍灣
1459,
1460,自殺
1461,陳朝
1462,沒有
1463,
1464,南斯拉夫共產黨
1465,英國
1466,中文國際頻道
1467,石亭之戰
1468,中蘇解決懸案大綱協定
1469,主體史學
1470,心內膜墊
1471,1683年
1472,1884年
1473,二
1474,德國
1475,諾亞·韋伯斯特
1476,[UNK]總能量
1477,更多與領導人的個人能力聯繫在一起
1478,隋[UNK]帝
1479,澳洲大陸
1480,正德十一年
1481,瘟疫四竄
1482,中國
1483,阿勒格嫩達河
1484,莫萊-明托改革
1485,沙俄軍隊
1486,200萬立方公尺
1487,黑龍江
1488,90
1489,北角
1490,港九
1491,鄧演達
1492,中國
1493,佛教
1494,人而對聲音頻率的分析
1495,有性生殖
1496,黑色主題
1497,兩國爆發戰爭
1498,第十五屆奧運會
1499,鬍鬚狀
1500,阿拉巴馬州
1501,
1502,[UNK]-4
1503,2013年
1504,為區別以前的老火車站
1505,1980年
1506,1958年
1507,俄羅斯
1508,西方墨點法
1509,路易斯一世
1510,《時代》
1511,極權主義
1512,斯特-立陶夫斯克條約》
1513,路易·勒沃
1514,
1515,線導系統
1516,曼諾球場
1517,東吳
1518,海煤
1519,自體授粉
1520,民國十六年
1521,想取快錢
1522,徐家匯
1523,蓋茲
1524,忽必烈
1525,福建人
1526,南斯拉夫聯邦走向解體。從南斯拉夫獨立出來的新國家之間因民族問題產生了一系列的暴力衝突，並發展為南斯拉夫內戰
1527,《塘沽協定
1528,烏蘭烏德
1529,1897年
1530,胡錦濤
1531,
1532,從當代生活的研究與消費者的需求來引導設計
1533,曾蔭權在2007年香港特別行政區行政長官選舉中連任行政長官
1534,杭州[UNK]橋機場
1535,匈人結盟擊敗了勃艮地人
1536,意圖利用剩餘的海軍艦隻與英國海軍進行最後決戰
1537,總督
1538,國家歷史文化名城
1539,衛奕信
1540,非歐幾里得幾何
1541,中國聯合網路通訊集團有限公司以及旗下的中國聯合網路通訊股份有限公司
1542,全國重點文物保護單位
1543,忽必烈
1544,鄉
1545,保護儀器
1546,惠金斯原理
1547,黑龍江
1548,1866年
1549,兩年
1550,2010年
1551,耶律楚材
1552,喬托號
1553,幾名死刑犯公開表示願意在死後捐獻出遺體和器官，以回饋社會，救贖罪過
1554,外蒙古扎薩克圖汗
1555,奧斯曼男爵的計劃，改造巴黎，拆除貧民窟，拓寬道路。勞動工人遷居市郊，在當地工廠出售勞動力。信仰聖西門主義
1556,1949年
1557,蔡[UNK]
1558,德國
1559,《刑部大理寺狀》
1560,澳大利亞新南威爾斯州
1561,同一個巨大的分子雲中共同向著同一個點運動的一群恆星
1562,聖方濟·沙勿略是西班牙籍天主教傳教士，也是耶穌會創始人之一，首先將天主教信仰傳播到亞洲的麻六甲和日本。天主教會
1563,羅馬共和國時期
1564,內外穎
1565,韓國
1566,皇后大道東
1567,聯合國維和部隊已是不堪重負，各個大國又不願施以援手。等到盧安達愛國陣線占領全國時，已有約200萬胡圖族人因擔心受到報復而逃往鄰國，其中又以薩伊
1568,五名監工。曼努埃爾法蓋爾及其他九名罷工領導者遭到了逮捕，並以綁架一名工人的罪名被起訴。法蓋爾入獄四個月
1569,七千萬件
1570,朱少文
1571,15世紀
1572,文藝喜劇片
1573,孫堅
1574,高血壓
1575,後秦
1576,「政企分開、郵儲分離、完善機制」
1577,保護環境、推進生態環境健康的寬泛的哲學、意識形態和社會運動
1578,城市物質形態
1579,環境保護主義
1580,773年
1581,懷柔區
1582,七間
1583,1949年撤遷臺灣前，將全國劃分為5個時區
1584,清代
1585,1960年代
1586,西班牙
1587,西班牙
1588,這些心肌細胞在其動作電位的4期存在著一個自動去極化過程，並會產生新一輪的動作電位
1589,加拿大
1590,七個
1591,安定
1592,萬國郵聯
1593,乾旱
1594,《內戰記
1595,新北市
1596,11月祭」
1597,政府採取反共措施
1598,16世紀末
1599,拉丁字母
1600,佩德納萊斯河，德克薩斯州石牆郡的小農莊，他是五個孩子中最大的
1601,四角號碼檢字法
1602,17名
1603,袁晁
1604,巴西
1605,歐洲聯盟委員會
1606,增加西側的空曠程度
1607,德國
1608,法國生物學家路易·巴斯德
1609,七年戰爭
1610,100米以上
1611,胃酸分泌，所以咖啡因可能不是咖啡造成此原因的唯一成分。
1612,國民政府
1613,漢江
1614,水腫
1615,社會主義
1616,學會部
1617,1989年
1618,射擊斷續器
1619,5位
1620,芽孢炭疽桿菌
1621,1589年
1622,金代
1623,《風雲人物》
1624,1988年
1625,驅逐艦
1626,英國
1627,耶穌會
1628,1867年
1629,鐵鉉
1630,張伯倫
1631,《義勇軍進行曲》
1632,棉花
1633,卡洛·埃馬努埃萊一世
1634,杜甫
1635,古亞細亞
1636,先來後到的土地分配衝突而相繼發生分類械鬥，進而影響日後臺灣族群的分布，在此時，漢人不斷侵佔平埔族土地
1637,分子雲
1638,勒拿河
1639,厄德
1640,古羅馬
1641,當時儒教興盛
1642,巴夏禮拒收
1643,克里斯蒂安尼亞
1644,無限制潛艇戰
1645,哈大客運專線
1646,亞熱帶常綠闊葉林
1647,1937年
1648,北德意志邦聯
1649,都洛總督
1650,班傑明·富蘭克林
1651,
1652,1835年
1653,咖啡因
1654,「中國應該統一」
1655,1972年
1656,怯薛
1657,汪精衛
1658,體育部
1659,單斜棱晶體
1660,直系
1661,水牛城
1662,鄧演達
1663,七月十一
1664,
1665,殖民政策
1666,雌雄同體
1667,咖啡俱樂部
1668,16世紀以後
1669,大陸性氣候帶
1670,有絲分裂
1671,胡安娜
1672,邱行湘
1673,德克薩斯州石牆郡
1674,皖系軍閥
1675,清廣東水師提督
1676,
1677,1967年
1678,軍事統帥的身份，以及伴隨的統治大權，這都已經讓「第一公民」具有法定的君王權力。從屋大維開始，第一公民還伴隨著「奧古斯都
1679,徐樹錚的行為，開始派員聯絡蘇俄紅軍、帝俄白軍及日本，尋求援助把中國人趕出外蒙，哲布尊丹巴
1680,司馬休之
1681,負責研究相關政策之官員，但職位比部門首長低，部門首長往往堅持要與布政司討論，事無大小均由布政司決定，造成行政效率低下
1682,1861年2月9日
1683,3月3日
1684,漢字
1685,安托萬·拉瓦錫
1686,伊斯蘭教
1687,流體靜力
1688,宋真宗
1689,參議院
1690,英國的黑便士
1691,通過務農創造的。
1692,皖浙贛獨立團
1693,前田利家
1694,美國在1873年爆發的經濟蕭條
1695,世族
1696,
1697,新加坡
1698,民國34年
1699,44年，但實際主政僅18年
1700,[UNK]-16
1701,三個
1702,中山市
1703,
1704,漢武帝
1705,江河級驅逐艦
1706,2015年
1707,15度
1708,講師
1709,颶風
1710,世界氣象組織
1711,大秦
1712,海河流域
1713,蒙哥
1714,洋馬兒
1715,中國溧陽茶葉節
1716,全市綠化比例高
1717,十二道金牌班師回朝
1718,澳大利亞
1719,開平
1720,4月
1721,7980年
1722,2010年
1723,青島海軍基地
1724,姑臧
1725,日本各[UNK]鐵路公司的票務櫃臺
1726,
1727,波蘭進入戰時狀態，實行軍事管制
1728,1
1729,視錐細胞
1730,黎元洪
1731,于文斗
1732,中華民國台灣
1733,第二次世界大戰
1734,1961年
1735,白光
1736,陳誠
1737,1966年
1738,奈特·麥克米蘭
1739,公元10世紀
1740,1960年
1741,白色
1742,自由聯合關係
1743,三次
1744,英國
1745,它違反《憲法》、《立法法》、《行政處罰法》及中國簽署的國際人權條約，使公民的人身權利不經審判被剝奪，同時沒有救濟的渠道
1746,《劃一現行各道地方行政官廳組織令》
1747,高朱蒙
1748,1948
1749,蒸汽膨脹
1750,隋[UNK]帝
1751,副熱帶季風氣候區
1752,
1753,美國心臟學會
1754,大英帝國
1755,《八篇書》
1756,德國
1757,薩爾
1758,路易十四
1759,合作派
1760,物質濫用
1761,煙塵成了禍患
1762,兩
1763,1990年代
1764,阿弗剌昔牙卜
1765,24%
1766,高麗國
1767,英國利物浦及曼徹斯特鐵路
1768,1828年
1769,第二名
1770,學生代表大會
1771,西京招待所
1772,公元前12年
1773,湯瑪斯傑佛遜
1774,新春期間
1775,郵值標籤
1776,席哈克略皇帝
1777,國民經濟無法滿足居民對部分食品和高檔消費品的需求
1778,希臘的宙斯
1779,農耕節
1780,俄國革命
1781,
1782,石勒
1783,中局
1784,敵我矛盾
1785,亞屬名
1786,西塞羅句法
1787,0.01
1788,會稽虞氏
1789,英國
1790,木衛一
1791,愛滋病毒
1792,1993年
1793,外蒙古
1794,周恩來
1795,效率
1796,孟子
1797,五個
1798,通古斯地區過於偏遠
1799,安大略湖
1800,羅非魚
1801,15世紀以前
1802,劉宋宗王
1803,匯流點
1804,浮動匯率制
1805,英國
1806,羅納德·麥克林
1807,意識形態的原因
1808,59歲
1809,現代的先進戰鬥機多配備各種搜索、瞄準火控設備，能全天候攻擊所有空中目標。世界上公認的第一種意義上的戰鬥機是法國
1810,1928年
1811,5個
1812,[UNK]
1813,曼哈頓
1814,清咸豐年間
1815,君士坦提烏斯二世
1816,劉增[UNK]
1817,丹尼索瓦人混血的相似性，這也間接的証實了繩文人、大洋洲諸民族與澳洲人種間的共同關係。冰河期時代的北海被冰所覆蓋，於庫頁島
1818,甲醇
1819,1145年的《三國史記》。而《三國志·魏書》有關這段時期的記載與之差異頗大，故難以相合。三國志中多以太祖王
1820,牛隻列印問題
1821,英國
1822,
1823,中華人民共和國
1824,1590年
1825,1941年
1826,細胞核
1827,放氣減壓
1828,發生十月革命
1829,俄羅斯
1830,劉少奇為了維護毛的權威，仍然參與到以空前的高調呼籲對毛的個人崇拜的浪潮中來
1831,轄區人口目前已經超過300萬人，是中華民國所轄最多人口的地方法院。
1832,1943年
1833,多倫多市
1834,顯性文明
1835,超過9倍太陽質量
1836,愛倫·坡
1837,硫是黃色的晶體
1838,現金流量表
1839,德川家康
1840,蘇聯
1841,+1.41
1842,清光緒元年沈葆楨奏請添設臺北府
1843,南朝鮮
1844,1789年
1845,下薩克森邦邦政府
1846,泰勒斯
1847,32.8%
1848,公民投票
1849,鮑羅廷
1850,杜林
1851,靈長類
1852,
1853,黃埔軍校
1854,《紅樓夢》
1855,1932年
1856,1920年
1857,雲南
1858,14世紀末至20世紀初
1859,
1860,漢越詞
1861,東羅馬
1862,尚比亞
1863,俄國
1864,成熟階段
1865,性惡論
1866,吠陀梵語
1867,2016年9月10日
1868,
1869,湯·韋迪加
1870,托木斯克州
1871,
1872,航宇
1873,20萬內地到香港定居的人士中，廣東就有11.5萬
1874,東亞一夫一妻多妾制
1875,腓特烈二世
1876,義大利
1877,2000年
1878,戰後
1879,《大長今》
1880,路易-菲利普
1881,戈翁
1882,台北曲藝團
1883,印度教巴克提派的虔信運動和伊斯蘭教蘇菲派一神論
1884,1865年
1885,蔡邦華
1886,1924年
1887,北京郵票廠
1888,30%
1889,楊宇霆
1890,法國
1891,詹姆斯·史都華
1892,周恩來
1893,李定國
1894,光化學煙霧
1895,藍營
1896,13世紀末，為籌措戰爭經費並滿足王室各種開銷，腓力四世下令向一直享有各種免稅特權的法國教士開徵俗世什一稅
1897,洛厄爾天文台
1898,雙打
1899,三名
1900,中日甲午戰爭
1901,臺灣
1902,複線
1903,《隋唐帝國與古代朝鮮》
1904,2006年
1905,中華民國實業部
1906,1973年
1907,多倫多
1908,大學生的城市」
1909,約翰·洛克菲勒
1910,20世紀初
1911,1863年
1912,埃德溫·哈勃
1913,胡季[UNK]
1914,孟德爾定律
1915,
1916,1981年
1917,恰克圖條約歸俄羅斯，是西伯利亞較俄化的部落。後來成為泛蒙古主義的支持者之一。中國大陸的布里亞特人分布在內蒙古自治區，人數不多。在西藏有一位布里亞特喇嘛阿格旺多傑是達賴手下。他們在十七世紀信仰藏傳佛教
1918,美國國家動物園
1919,五分之一
1920,《德意志語言正字大詞典》
1921,魔獸世界：燃燒的遠征
1922,克倫威爾路
1923,《渡假留香》
1924,日本
1925,火山釋放的硫造成的
1926,克萊蒙梭
1927,美國總統選舉
1928,
1929,閻錫山
1930,1997年
1931,托爾金堅定地反對計入奇幻元素。在文章中，托爾金
1932,滿蒙獨立運動
1933,開放市場的需要
1934,阿伊努人
1935,1917年
1936,五倍
1937,風力
1938,艾森豪
1939,3400萬
1940,網球正拍擊球
1941,亞利桑那州旗杆鎮的天文觀測台。
1942,二二八事件
1943,勒拿河
1944,澎湖
1945,硫酸鹽
1946,理學
1947,1998年
1948,2016年11月
1949,毛澤東
1950,1949年
1951,巴納德首先觀察到埃歐的赤道和極區之間在光度上的變化，正確的測量出這兩個地區的光度變化是來自顏色和反照率的不同
1952,維基媒體
1953,生物質
1954,1939年
1955,清朝末年
1956,室町幕府
1957,論點石破天驚
1958,1997年
1959,65歲及以上人口
1960,北大西洋
1961,1455年
1962,鄧穎超
1963,美觀
1964,傳統音樂
1965,為了提防燕王謀反
1966,法國
1967,土耳其
1968,恢復市場的功能
1969,北非
1970,國民大會
1971,1834年
1972,耳蝸
1973,元廷給蒙古人與色目人極大的權利
1974,1901年
1975,
1976,近年
1977,唐朝
1978,解體後
1979,作為必要時的緊急能量補充
1980,
1981,1888年
1982,30℃
1983,家
1984,無性別的宦官與宮女的結合
1985,兩個
1986,重慶公立法政專門學校
1987,
1988,元武宗
1989,天文學家
1990,毛澤東
1991,中國
1992,最高人民法院
1993,1991年
1994,中部科學園區
1995,台北市立體育場
1996,隋[UNK]帝
1997,冷戰期間
1998,1893年
1999,收容遣送制度
2000,中國國民黨
2001,《朱啟[UNK]：「被抹掉的奠基人」》
2002,狄拉克
2003,金黃飽滿
2004,滿蒙獨立運動
2005,水軍
2006,共產黨
2007,碳氮氧循環
2008,中華人民共和國的最高領導層
2009,洛桑國際管理學院
2010,1950-1980
2011,環繞地球的運行
2012,試圖使中華人民共和國的人權狀況與國際普便認可的標準接軌
2013,丹尼爾奧爾特加
2014,幾何學
2015,1954年
2016,《風之國度》
2017,拜占庭
2018,阿格旺多傑
2019,首席的元老
2020,11世紀
2021,彼特隆紐斯
2022,德國人
2023,光度
2024,1981年卸任後他馬上到訪了中國，卡特夫婦沒有官職在身仍然獲得中方高規格的接待，中國國家主席李先念在釣魚台國賓館設宴款待他們，又獲得中共中央軍委主席鄧小平的接見。
2025,民政長
2026,1610年1月7日
2027,荷蘭
2028,喬治亞
2029,1835年
2030,六四天安門事件
2031,定向天線
2032,5世紀的《聖經》拉丁文譯本，由耶柔米自希伯來文和希臘文進行翻譯
2033,每秒30轉
2034,伯利恆修道院，哭泣的說：「征服了整個世界的城市，現在給人征服了！」。焦慮的無法工作，並且相信敵基督將會出現，因此悲傷的說：「世界恐怕快要毀滅了
2035,民國16年
2036,1987年
2037,洪堡
2038,1847年
2039,隋文帝
2040,1968年
2041,不動產
2042,韓國歷史最為悠久的大學是成均館大學，其歷史可以追溯到1398年成立的朝鮮王朝最高學府成均館。
2043,林肯總統
2044,風景怡人
2045,民變
2046,加拿大大草原
2047,上尉特別官佐
2048,1599年
2049,3個
2050,香港國際機場
2051,吸引選票
2052,段祺瑞
2053,普魯士
2054,高句麗
2055,民族區域自治理論
2056,溧陽
2057,學會部
2058,林肯總統
2059,科什圖尼察
2060,1600個
2061,克萊頓反托拉斯法
2062,500毫升
2063,商朝就設立專門官員觀測大火在東方的出現，確定歲首的時刻，與作物播種與收割並列在卜辭中。而中國明朝
2064,民國元年，北洋政府廢青海辦事大臣，改設青海辦事長官。9月，袁世凱任命原西寧府知府廉興為青海辦事長宮，任命馬麒為西寧鎮總兵。民國二年
2065,蒙古人
2066,正德十一年
2067,心包腔
2068,法國
2069,
2070,毛澤東
2071,蒙哥
2072,瀧川事件
2073,莫高窟
2074,電穿孔細胞
2075,聖方濟各沙勿略誕辰五百周年紀念
2076,2次
2077,1924年
2078,梁啟超
2079,指定數量的現貨
2080,洋馬兒
2081,
2082,亨利方達
2083,鹿兒島
2084,外籍家庭傭工
2085,縱貫鐵路山線段
2086,現代環保主義
2087,傑米尼安諾·蒙塔納利
2088,非逃港者
2089,亞里斯多德
2090,
2091,長期戰爭
2092,查理大帝
2093,阿爾卑斯山
2094,教育副官
2095,1984年
2096,何鳳山
2097,十倍
2098,1995年
2099,織女星
2100,日語
2101,阿爾法級別
2102,二戰後
2103,草本
2104,涵元殿
2105,奧斯卡·赫特維希
2106,1971年
2107,英國
2108,段祺瑞
2109,增強孩子免疫
2110,民國18年
2111,年降雨量
2112,16
2113,法國東部
2114,灣仔
2115,拉丁語
2116,美國
2117,畢達哥拉斯
2118,愛格思海金斯公司的建築師們
2119,雪山寶貝
2120,第53
2121,1272年
2122,徐家匯聖依納爵堂
2123,
2124,安眠藥
2125,史坦波中心
2126,《科學怪人》
2127,林登·貝恩斯·詹森
2128,[UNK]-16
2129,中國
2130,1998年
2131,江蘇淮安
2132,劉毅
2133,中共中央副主席
2134,毒氣
2135,柱狀顆粒
2136,普洱專區
2137,被僱人
2138,英國倫敦溫布頓
2139,國君身邊的齊泰和黃子澄為奸臣
2140,1569年
2141,大島造船
2142,申城
2143,德川家
2144,河川
2145,岩石圈
2146,香港日治時期
2147,反托拉斯法系統
2148,1925年
2149,於1898年以前在新界居住的氏族皆屬於新界原居民，其後裔可享有原居民的權利
2150,德國
2151,亞熱帶
2152,1970年
2153,日本
2154,反共思想
2155,韓國
2156,俄羅斯車里雅賓斯克
2157,王藍
2158,
2159,東晉元帝
2160,最低層
2161,漢越詞
2162,絲綢之路
2163,5642米
2164,殺蟲劑中毒
2165,寮國
2166,保守派
2167,京杭大運河
2168,羅曼努斯二世
2169,南奧塞提亞自治區
2170,浮動匯率制
2171,農業
2172,秋天
2173,將兩國國界以黑龍江為基本界限劃清
2174,
2175,雲南省
2176,美國
2177,土地改革
2178,陽邁一世
2179,珍妮·蓋諾
2180,現在下薩克森邦所在區域的大部分面積屬於英占區的管轄範圍
2181,民主黨重奪眾議院與共和黨內的保守派反對坎農可議的嚴重干涉
2182,
2183,1789年
2184,3400萬
2185,旅遊業
2186,泰勒斯
2187,1968年8月25日，工人、解放軍宣傳隊
2188,2007年
2189,國家歷史文化名城
2190,維基媒體基金會
2191,一省
2192,亞穆納河
2193,高昂的嫁妝
2194,2005年成功創建廣東省教育強市。中山市基礎教育比較完善，每個鎮均有一所以上初中，小學
2195,最佳演唱團體獎
2196,無配偶身份的姬侍
2197,南緯30度
2198,現代精神醫學
2199,機炮
2200,寧古塔副都統
2201,德國柏林影展
2202,有絲分裂
2203,第二心音
2204,李白
2205,世襲制度
2206,墨西哥境內財勢雄厚的毒品走私組織
2207,澳大利亞新南威爾斯州
2208,2010年
2209,牛胃氣膨脹
2210,
2211,吠陀梵語
2212,這是受道家老子思想的用詞影響，以格義方式漢譯而成
2213,超級模特兒
2214,振興署
2215,雷達
2216,1950年代
2217,王田交流道
2218,高科技產業
2219,東芝
2220,新北市
2221,川本芳昭
2222,伊斯蘭哈里發
2223,15%
2224,出售皇室財產土地和借高利貸來維持必要的開支
2225,第六屆全國人大代表溫元凱等人曾公開支持「要求進行民主選[UNK]」的遊行。抗議活動逐漸演變成全國範圍的一次學潮，進而擴散至北京、上海等地，史稱八六學潮
2226,2002年
2227,620年
2228,民國42年
2229,第一公民
2230,現代主義文學
2231,天主教
2232,美利堅聯盟國
2233,克勞狄二世
2234,1949年
2235,1915年
2236,傳道書
2237,
2238,
2239,約瑟夫·葛尼·坎農
2240,周恩來
2241,先進戰鬥機
2242,[UNK]-47
2243,
2244,民國37年
2245,模擬別人的言行
2246,1897年
2247,李察·賓特利
2248,印尼
2249,康熙四十八年
2250,北府兵根本的南徐州
2251,研究生項目名列前25。《時代》雜誌評印第安納大學為「2001年度最佳大學」。此外，根據中國上海交通大學高等教育研究學院
2252,22個
2253,克里米亞戰爭
2254,國防部空軍司令部
2255,
2256,1945年
2257,荷蘭人
2258,閉關鎖國
2259,1971年
2260,2013年
2261,穆斯塔法·凱末爾·阿塔土克
2262,佳木斯
2263,1918年
2264,棕矮星
2265,非金屬類材料
2266,卡佩王朝
2267,聯合國人權委員會
2268,庫里爾台大會
2269,電漿態的氫
2270,頭
2271,班傑明·富蘭克林
2272,氮氧化物
2273,2005年，秋明州每人的平均月收入增幅為30
2274,毛奇
2275,雌性，這稱之為性別，不過也有些會是間性
2276,後代
2277,熱帶草原氣候
2278,劉宋
2279,劉備
2280,第二心音
2281,晉成帝咸康元年
2282,非金屬材料
2283,道格拉斯
2284,稻
2285,
2286,五個
2287,民國25年
2288,松花江
2289,美國
2290,宋太祖趙匡胤
2291,太陽能電池板
2292,2008年
2293,北韓第13屆最高人民會議第2次會議
2294,河池市
2295,丹尼索瓦人
2296,斯芬·佩斯
2297,2001年
2298,大道東附近
2299,27千兆瓦
2300,副熱帶濕潤氣候
2301,1200萬名
2302,督撫
2303,2008年
2304,31個省和境外多個國家和地區設有分支機構，是中國唯一一家同時在上海、紐約、香港三地上市的電信運營企業。截至2012年底，資產規模達到5760.72億元
2305,1998年
2306,林天宏
2307,坦干伊加
2308,民國18年，國民政府通令廢道，實行省、縣兩級制。鑑於雲南省西南邊境地區各縣界連越南、寮國、緬甸三國，涉外事務繁多，國防邊地關係密切，廢道後，雲南省特在騰衝設雲南省第一
2309,1942年11、12月，紅軍收復卡爾梅克
2310,合肥學院北校區教學區的土地，由合肥市政府撥給科大，新增了連接東區西區的中校區。按照規劃，原東、西兩校區的宿舍樓，今後將全部搬遷至中小區，而東、西校區則僅供行政、教學、科研之用。
2311,阿布·拉伊漢·比魯尼
2312,觸網
2313,幽州
2314,諷刺
2315,敵我性質
2316,刺史
2317,
2318,西雙版納傣族自治州
2319,三歲
2320,酗酒和藥物濫用
2321,雷焦卡拉布里亞國家考古博物館
2322,阿克爾自治市
2323,香港人
2324,都市計劃
2325,西班牙
2326,布爾人
2327,子宮收縮加上產婦生下來的用力動作。這個動作很多婦女都形容類似用力排遺
2328,免費
2329,第18
2330,請師
2331,水文循環
2332,外國人
2333,唐生智
2334,壽衣
2335,1919年
2336,1939年
2337,供寄遞郵件貼用的郵資憑證
2338,噪聲
2339,屋大維
2340,玉帶河
2341,空軍
2342,音樂
2343,《四十二章經》
2344,阿爾杜伊尼卡家族
2345,工業
2346,海因利希・弗格勒
2347,第五套
2348,普洱市
2349,韓國憲法
2350,環境因素
2351,《失落的故事集》
2352,1918年
2353,1563米
2354,原始宗教
2355,第1區
2356,溫病學
2357,杭州
2358,夜間攔截任務
2359,1950年
2360,威廉·馮特
2361,彰化市民代表會
2362,法國大革命
2363,明朝
2364,2012年
2365,朱德
2366,陳湯銘
2367,漢武帝時期
2368,1958年
2369,內蒙古
2370,英籍工程師西排立
2371,賓語
2372,主序帶
2373,
2374,大清帝國
2375,1938年
2376,2014年
2377,杜老誌夜總會
2378,2007年
2379,法國
2380,結束了大陸上的戰事，並恢復到戰前的狀態
2381,國家銀行
2382,
2383,蒙古語
2384,甲醇
2385,元太宗
2386,15625億日元
2387,印度教
2388,1222年
2389,前2世紀期間商朝的遺臣箕子與當地土著居民一起創立箕子朝鮮。公元前194年
2390,二次世界大戰爆發之後
2391,依法治國
2392,1987年
2393,[UNK]連線酶
2394,金義軍
2395,1-0
2396,
2397,
2398,王朗
2399,40年
2400,2901.3平方公里
2401,桃園市
2402,郭守時
2403,烏蘭牧騎式
2404,靠近中國大陸的大陸型氣候，氣溫比台北低，年平均溫度為攝氏18.6度，早晚溫差亦大
2405,「學習偉大領袖毛澤東」
2406,19世紀
2407,檀君古朝鮮
2408,1979年10月6日，華國鋒、葉劍英
2409,朝鮮勞動黨中央委員會委員
2410,清宣宗時代
2411,蒙漢兩元政治
2412,黑色貝雷帽
2413,三國史記
2414,四次
2415,馬林諾夫斯基
2416,
2417,1972年
2418,錫克教
2419,分裂
2420,人權問題
2421,1603年
2422,一分
2423,紐格威森林
2424,2015年
2425,噴射發動機
2426,新石器時代
2427,馬可波羅
2428,海因里希·赫茲
2429,1958年
2430,世界氣象組織
2431,通貨膨脹
2432,1829年
2433,文康廣播局
2434,100m
2435,天主教
2436,第二產業
2437,1958年
2438,總統任期七年
2439,柏樹
2440,水平速度
2441,仙台市
2442,史和平
2443,將它們貼在燈罩上
2444,大慶是主要的工業中心，大慶
2445,1967年
2446,義和團事變
2447,酒
2448,建文二年
2449,關島組織法
2450,2008年
2451,邊境防衛和管理任務
2452,彼得二世
2453,19世紀下半葉
2454,農業
2455,合不勒汗
2456,高句麗
2457,元朝
2458,民國5年
2459,樺太島
2460,巴納德
2461,量子光學
2462,農產品
2463,煙霧
2464,聖武記
2465,民國3年
2466,社會保障體系包括社會保險
2467,太陽每年損失的質量只有10的−14次方太陽質量，或是在它的一生中
2468,坎貝爾
2469,港島區
2470,1209年[UNK]1210年就讓新疆東部的畏兀兒與伊犁河谷的哈剌魯先後歸順。當金朝遷都並將要滅亡之際，中亞新興大國花剌子模在沙阿摩訶末時期
2471,薩沃亞家族為以原領地莫列訥河谷
2472,《中華人民共和國憲法》
2473,二十歲
2474,溫布頓網球錦標賽
2475,中村法道
2476,汕頭
2477,鐵穆爾
2478,267年
2479,1990
2480,1849年11月1日
2481,1260年
2482,13小時
2483,氦
2484,戰基處營區土地
2485,蒙古貴族
2486,羅曼努斯二世的兒子巴西爾二世和君士坦丁八世
2487,黑死病
2488,1948年
2489,拉海納
2490,硫
2491,氮化硫
2492,32%的得票率當選眾議院議員，時比起最接近的對手多出三個百分點。隨後他也連任了三屆
2493,1972年
2494,都市計劃
2495,角動量
2496,高在田
2497,情感支持
2498,幾
2499,司馬休之
2500,煤煙消除會
2501,公民化
2502,農業
2503,國民政府時期
2504,海因里希·赫茲
2505,傻瓜塔
2506,朱允[UNK]
2507,
2508,匹茲堡
2509,艾薩克·牛頓
2510,道台74線
2511,《動員戡亂時期臨時條款》
2512,蒙古國肯特山東麓，在石勒喀河與額爾古納河交匯處形成。經過中國黑龍江省北界與俄羅斯遠東聯邦管區南界，之後以東北向穿越伯力邊疆區，最終流入[UNK]靼海峽
2513,1989年
2514,花垣鎮
2515,東部
2516,毒品
2517,
2518,韓國
2519,梅艷芳是女低音
2520,大熊貓
2521,中國
2522,卡芬雅克
2523,孔恩
2524,索契
2525,比利時
2526,重慶理工大學
2527,支持臺灣獨立
2528,光明天皇
2529,托木斯克
2530,葛摩
2531,1897年
2532,《臺灣自救運動宣言》
2533,詳細規劃
2534,十億年
2535,1414年
2536,塞爾維亞
2537,1834年
2538,1500公里
2539,「南極條約協商會議
2540,布里亞特人
2541,建炎二年
2542,民國時期
2543,1849年
2544,前279年
2545,中國大陸
2546,西元前1534年
2547,瓦倫本哥國家公園
2548,1906年
2549,鳩摩羅什
2550,1950年
2551,1640年
2552,遊客在進入阿森松島之前仍然需要獲得行政專員的書面批准
2553,威尼斯人
2554,機場快線
2555,由於梅艷芳是女低音
2556,1837年
2557,1997年
2558,2005年7月21日
2559,宋代
2560,國家預防腐敗局
2561,因為地表附近，高度愈高，風速愈大。而風能是與風速的三次方成所正比，所以風機高度愈高，發電量愈多
2562,大學生研究計劃
2563,明治三十九年嘉義大地震，城垣全毀，僅存東門
2564,1994年
2565,王亞南
2566,皇后大道
2567,早期
2568,1233年
2569,日本
2570,登山車
2571,意法半導體
2572,第二代
2573,村民委員會
2574,明代
2575,重工業
2576,北京郵票廠
2577,1952年
2578,十二月屠殺的事件中，多達15位的政治反對領袖遭到執政政府的暗殺
2579,驅逐艦
2580,十月革命
2581,玄松月
2582,德國女間諜
2583,公元10世紀
2584,1859年
2585,2009年4月，臺北縣政府向中華民國內政部提報升格為直轄市，確定以「新北市」作為升格後之市名，有「新臺北／臺北／北部新設之市」的涵義
2586,輻射與大氣層的作用，如同地球的極光。極光通常出現在行星的磁極附近，但是埃歐最明亮極光卻位在赤道區域。埃歐本身沒有磁場
2587,興十一年
2588,幻境
2589,臭氧層
2590,
2591,廣東籍
2592,公元前5世紀的著名青銅文物，它們是1972年在里亞切海岸發現的，是兩個男性人物雕像，是古典希臘
2593,
2594,1990年代
2595,秋明州
2596,倫敦煙霧事件
2597,加州
2598,自由
2599,韓國
2600,不穩定性
2601,常於9－10月回到黑龍江、烏蘇里江等河中產卵
2602,亨利克萊
2603,石窟藝術寶庫
2604,洛東江
2605,赫爾伯特·查普曼
2606,噪音過大
2607,廿八歲
2608,濟南
2609,2016年
2610,「印度國民軍士兵大審判
2611,榮休教宗
2612,美日
2613,2比1
2614,參議院
2615,1861年
2616,1991年
2617,擁有領土主權
2618,1953年12月
2619,白[UNK]紀末期
2620,2003年2月2日
2621,曼莫漢·辛格
2622,刺激性
2623,八一四空戰
2624,克羅埃西亞共和農民黨
2625,1895年
2626,99年12月25日
2627,萊茵魯爾
2628,漢拿山
2629,拒絕投降
2630,慈禧皇太后
2631,1600分
2632,狄拉克
2633,失分
2634,第一次鴉片戰爭
2635,中國國民黨黨員
2636,中國
2637,蔡素玉
2638,加拿大
2639,工藝上
2640,「鄧小平建設有中國特色社會主義理論」
2641,2015年
2642,4個
2643,溫州
2644,歐斯納布魯克
2645,莫里爾關稅法
2646,中途公園
2647,駐韓美軍
2648,燈罩上
2649,高房價
2650,2015年
2651,1948年12月1日
2652,改革法案
2653,解放軍
2654,1946年
2655,伊斯蘭教
2656,元弘之亂
2657,1月
2658,伊斯蘭教
2659,暴雪娛樂公司
2660,第二次義大利衣索比亞戰爭
2661,歐洲人
2662,理論心理學
2663,西方墨點法
2664,136.03萬人
2665,唐朝
2666,戰鬥機
2667,克列孟梭
2668,與空氣隔絕
2669,中央軍委
2670,溥佳
2671,中部科學園區
2672,1803年
2673,熱帶草原
2674,百濟個性溫和的雕塑
2675,[UNK]
2676,杜林
2677,慣性導航系統以及什麼?[SEP]屈克•溫斯頓、羅德尼•布魯克斯、羅納德•李維斯特，分別對控制論、人工智慧、計算機語言
2678,多數私立中式學校都面對的問題
2679,「臺澎金馬個別關稅領域」
2680,耶穌會
2681,西塞羅
2682,蘇聯民族事務人民委員部
2683,土地改革政策
2684,法西斯義大利
2685,2005年
2686,三重忠孝橋
2687,摩根
2688,1900年
2689,高崗
2690,1930年
2691,進行海水淡化
2692,文盲
2693,
2694,冒犯性
2695,賓夕法尼亞州大學」?[SEP]創辦之初，學校是一所慈善學院。班傑明·富蘭克林作為學校創建人，認為新的知識來自對現有資源最廣泛的認識和最有創新的運用。這一思想指導著他的研究工作，同時也是他創辦學校的指導方針。
2696,印尼
2697,人本主義
2698,首爾塔洞公園
2699,接納蒙古人民共和國加入聯合國，中華民國未參加表決
2700,英國
2701,一條簡單的直線
2702,1美元兌8.11元人民幣，變相升值2%
2703,約西元前8200年
2704,普法戰爭
2705,什錦麵
2706,領袖崇拜
2707,中東
2708,民國三十六年全省土地面積為21萬8511平方公里。民國三十八年
2709,
2710,土魯斯的阿爾比派
2711,鮭科魚類的300多個屬種之中，比較有代表性是具高商業價值的鮭魚總共有9種，來自兩個不同的屬。在中國大陸南方主要是進口的大西洋鮭
2712,美國
2713,甘蔗
2714,早已不滿北條氏專制政權
2715,被問及維基的主要問題的開放性問題
2716,約翰·福特
2717,[UNK]線
2718,2010年
2719,古典主義風格
2720,動員勘亂時期臨時條款
2721,2008年
2722,納粹黨
2723,清政府
2724,拿破崙
2725,[UNK]
2726,漢魏故城
2727,1920年代
2728,河本大作暗殺張作霖」
2729,威廉一世
2730,微波訊號遠距離傳輸，最終用戶使用定向天線
2731,第1630號
2732,1702年
2733,在汽缸投注水冷卻等
2734,新加坡
2735,同盟國
2736,1944年
2737,標準中文
2738,布里斯托
2739,空運
2740,伏爾加河
2741,國際動物命名委員會
2742,黃金自由貿易
2743,羅貫中
2744,集中式太陽能發電站
2745,俄國
2746,為發信者的郵件蓋上郵戳
2747,第265任
2748,蒸汽機車均是載客和載貨列車的惟一一種鐵路機車。
2749,死亡
2750,60人
2751,英屬維京群島
2752,灣仔填海計劃第二期
2753,東海
2754,兩馬赫
2755,12個
2756,米菓
2757,伽利略
2758,1875年
2759,裏海
2760,1863年
2761,1828年
2762,16世紀末葉
2763,1829年
2764,杜林
2765,2008年
2766,豐臣氏
2767,短體鯨龍
2768,尹伊桑
2769,拿破崙
2770,267年
2771,11月祭」
2772,中華人民共和國
2773,愛格思海金斯公司
2774,阿拉巴馬州
2775,1994
2776,名人傳
2777,呂蒙
2778,林肯
2779,1799年
2780,70%
2781,狩獵採集社會
2782,第三世界國家
2783,國民黨
2784,技術課程
2785,擔心引起教會勢力的強烈反彈
2786,東羅馬帝國
2787,亞塞拜然
2788,1986年
2789,
2790,1946年12月9日
2791,基督教
2792,心血管疾病
2793,科研單位
2794,至元三十一年
2795,硫酸
2796,義大利戰爭
2797,清潔空氣法
2798,中國
2799,納粹德國
2800,舊制
2801,1933年
2802,2001年
2803,羅禪征伐
2804,1606年
2805,天主教會
2806,伊拉克戰爭期間，韓國派出累計3600餘人的宰桐部隊赴伊拉克，是伊拉克戰爭多國部隊中續美軍和英軍之後的第三大部隊。
2807,美國國家草地網球聯盟
2808,華沙
2809,伯力
2810,外交政策
2811,氣流機制不同
2812,8世紀
2813,約翰二世·科穆寧皇帝
2814,凡爾賽宮
2815,北海道帝國大學
2816,2008年
2817,信陽
2818,「地區邊界」
2819,電腦
2820,動物命名法
2821,2016年
2822,1789年
2823,1235年窩闊台汗命朮赤長子拔都、貴由與蒙哥、速不台等第二代蒙古王子發起蒙古第二次西征，史稱拔都西征，總指揮為拔都
2824,國際動物命名法委員會
2825,為了提防燕王謀反
2826,友誼賽
2827,齊格蒙特三世
2828,天文學
2829,自治大區的地區政府
2830,匈奴人一路擊退，最後被允許進入帝國東部
2831,植入性胎盤
2832,路德的德語聖經將這四卷書列於新約正典的最後，而不像其他版本聖經的傳統順序
2833,
2834,攻占納哈出的金山
2835,期貨交易所
2836,內燃機引擎
2837,銀熊獎
2838,1968年
2839,靜止心率
2840,1534年明朝
2841,10
2842,1989年
2843,武昌起義
2844,直接隸於甘肅省政府
2845,殺傷力大
2846,第一波新政
2847,球面幾何學
2848,1976年
2849,地球大氣層及其他天體之外的虛空區域
2850,第2758號決議案，承認中華人民共和國為中國的唯一合法代表，中華民國代表遂被迫退出聯合國
2851,1960年代
2852,楊森
2853,1859年
2854,為了更好的與羅馬帝國進行貿易活動
2855,學會部
2856,宗[UNK]
2857,粵西
2858,東德
2859,印度河文明
2860,格林威治
2861,齊燮元聯合江西和福建進攻皖系的盧永祥
2862,維多利亞港
2863,郵箱業務
2864,20%
2865,分發式政策
2866,馬可福音
2867,12歲以上
2868,盧安達人
2869,1000米
2870,馬關條約
2871,羅斯福
2872,中溫帶亞濕潤氣侯
2873,214
2874,1席
2875,盧安達現行憲法
2876,益州
2877,段思平
2878,1957年
2879,不知道散彈槍可以發射小顆粒的霰彈
2880,廣州特別市
2881,學術
2882,雌雄同體
2883,遺傳機制
2884,攔截機
2885,寮國
2886,2000年
2887,15年
2888,兩棲登陸
2889,1960年代
2890,第26屆
2891,武漢大學
2892,第二心音
2893,1989年
2894,史達林
2895,儘可能在短時間內疏散人潮、車潮，並減少塞車情形
2896,英國
2897,廣州鐵路公司
2898,航宇
2899,海森堡喜歡參與社交活動
2900,孫傳芳
2901,襄樊之戰
2902,阮攸
2903,強力的盟友
2904,多倫多運輸局在多市範圍內提供公共運輸服務，是北美洲繼紐約市和墨西哥城後第三大市營公交系統。
2905,《農書》
2906,蘇聯第三國際
2907,中世紀中期
2908,美國登山車協會
2909,j
2910,台南
2911,法律
2912,平地
2913,1987年
2914,考試通過
2915,1849年11月1日
2916,直布羅陀海峽
2917,把普選局限於男性
2918,在一固定期間內，一家機構的現金增減變動情形
2919,1923年
2920,凡爾賽宮室內網球場
2921,安帝
2922,
2923,托列斯海峽
2924,自由民主黨
2925,印度洋
2926,預備役隊伍。韓國目前現役軍人人數為63萬
2927,2007年，曼尼托巴省的卡曼記錄到了高達53.0的濕熱指數
2928,磷礦石
2929,美國
2930,克羅埃西亞
2931,778年
2932,成熟階段
2933,肌萎縮性脊髓側索硬化症
2934,主要作為軍事防衛
2935,哈德良
2936,《天體運行論》
2937,使用傳送其基因組進入其他細胞，進行感染的分子機制
2938,冷氣
2939,種族
2940,張成澤
2941,盧安達
2942,戴爾廣場足球俱樂部
2943,厄爾布魯士峰
2944,國民政府
2945,明朝
2946,武器設計製造
2947,2002年
2948,沒有
2949,17名
2950,作為科學博物館
2951,漢武帝時期
2952,1874年
2953,烏茲別克族
2954,金泳三
2955,軍報國於詹姆斯·史都華來說並不遙遠
2956,中生代
2957,聯席會議
2958,使日本能夠先發制攻擊國府空軍機場
2959,成吉思汗
2960,電動機
2961,認可了五個制度性宗教在中國的地位
2962,義大利軍隊
2963,內需市場
2964,高商業價值
2965,翻版金日成
2966,啟德機場
2967,美國
2968,日本
2969,愛爾蘭語
2970,「一個小時說一個字」
2971,汽運
2972,
2973,鍾祥
2974,東人黨又分裂為南人黨與北
2975,1971年
2976,
2977,兩天
2978,喀喇汗國
2979,颶風戰鬥機
2980,四清
2981,1932年
2982,1952年
2983,埃及
2984,2003年1月12日
2985,釣魚臺
2986,紐科門
2987,村民委員會
2988,大猶太會堂
2989,三菱長崎造船廠
2990,韓國憲法
2991,岳飛
2992,怯薛
2993,日本花道
2994,16世紀末葉
2995,西晉
2996,西人黨
2997,民國26年上半年
2998,中東
2999,一次世界大戰時期
3000,大朝鮮國
3001,鋼筋混凝土
3002,地球或一些區域上一切生命和非生命的事物以自然的狀態呈現。這是一個環境涵蓋了所有生物之間的相互作用
3003,1171年
3004,乙未事變
3005,羽柴秀吉
3006,中產階級
3007,民國二十六年
3008,第45屆日本眾議院議員總選舉
3009,魏源
3010,教宗保祿六世
3011,現代精神醫學
3012,兩個
3013,梵語
3014,元代社會因思想多元化、商業經濟發達與交通便利，使得元帝國的強盛，是東亞地區的富裕大國，在歐洲人馬可波羅
3015,七年戰爭
3016,珍妮·蓋諾
3017,
3018,第三產業
3019,自轉軸的兩極
3020,德宏州
3021,25個
3022,喬治·史蒂芬生
3023,約翰一世
3024,華北平原
3025,振州
3026,欽察人
3027,李時珍
3028,密西西比
3029,古羅馬
3030,中緬大戰
3031,福建人
3032,十年
3033,伊斯蘭教
3034,兵部右侍郎兼都察院右都御史
3035,平成
3036,周恩來聯手，在毛澤東的同意下，於1954年2月的中共七屆四中全會上批鬥高崗
3037,《北京條約》
3038,1976年
3039,1958年
3040,森林面積
3041,國民議會
3042,蘆筍
3043,被動方
3044,學生代表大會
3045,歐洲工業文明崛起
3046,15566人
3047,2013年已與世界上192個國家建立外交關係
3048,300公厘
3049,蘇門達臘
3050,洪邁
3051,淮安
3052,秧苗長高約八公分
3053,頤年堂
3054,2002年
3055,[UNK]
3056,西里爾字母
3057,荷蘭
3058,黨的紀律檢查機關
3059,五大
3060,「契約經濟
3061,道路行駛方向與靠右行駛的荷蘭並不相同，是採靠左行駛
3062,王鐵漢
3063,為了保護蒙古人地位
3064,離岸人民幣
3065,社會主義
3066,四品
3067,金正恩
3068,空中武力為新一代戰爭型態
3069,戰勝國
3070,南宋紹興二十二年
3071,哈利里德
3072,
3073,劉少奇
3074,1965年
3075,溫尼伯國際機場
3076,瑞士
3077,權威階級對權力上，利用各種工具與手段使得人民除了為現有體系辯護的情況之外，更是遵從領袖崇拜的意味存在
3078,92部
3079,交通部觀光局東北角暨宜蘭海岸國家風景區管理處
3080,黑龍江
3081,克勞狄二世
3082,巫家壩國際機場
3083,秦漢時期
3084,居民委員會
3085,民國29年
3086,進行基礎建設
3087,1969年10月17日
3088,通化市
3089,
3090,烏茲別克斯坦
3091,玉米
3092,樺樹
3093,莫斯科共同宣言
3094,2006年
3095,1970年代初期
3096,馬克思主義
3097,當時第8航空隊的轟炸機執行任務時沒有戰鬥機護航，每次飛行都充滿了危險
3098,馬加人
3099,清宣統二年
3100,西德
3101,東西合璧混合文化
3102,臀位
3103,駱克道
3104,71.7公里
3105,西羅馬帝國
3106,收縮性
3107,廣電總局
3108,十三翼之戰
3109,艾森豪
3110,查理檢查站
3111,「[UNK][UNK]敝水」
3112,雲貴高原
3113,喀喇
3114,1914年
3115,三一九槍擊事件
3116,第五次北伐
3117,中興街
3118,綠窗口
3119,數位訊號
3120,希臘文化
3121,幽州
3122,多達15位的政治反對領袖遭到執政政府的暗殺
3123,中國駐軍撤離庫倫
3124,1992年
3125,相聲
3126,平定南昌的寧王宸濠之亂
3127,周恩來
3128,貴霜帝國
3129,1952年
3130,南海縣
3131,《華府風雲》
3132,韓國
3133,元世祖過度漢化
3134,平行跑道的長度?[SEP]在2012年6月28日昆明長水國際機場啟用，同日昆明原機場昆明巫家壩國際機場停用。昆明長水國際機場是中國面向東南亞、南亞和連接歐亞的國家門戶樞紐機場。昆明長水國際機場
3135,李東陽
3136,1916年
3137,15
3138,徑向速度
3139,印度教
3140,1929年8月14日，史達林命令蘇聯軍隊沿中東路一線向東北進攻，張領導的東北軍敗給蘇軍。張被迫在伯力簽訂議定書，恢復蘇聯在中東鐵路的特權，一切回到原點。
3141,尼古拉杜霍寧
3142,見習官
3143,中央決定撤銷公安部隊，邊境防衛和管理任務交由中國人民解放軍擔負
3144,信陽市
3145,13世紀
3146,1867年
3147,20和21世紀
3148,武漢水利電力大學
3149,貝爾格勒
3150,日產汽車
3151,政府財政撥款
3152,1918年
3153,1972年
3154,
3155,荷蘭
3156,第四次十字軍的在金角灣和加拉塔的靠近君士坦丁堡城牆的海岸船艦的拋石機
3157,有絲分裂
3158,路德
3159,拉丁字母
3160,黃楊
3161,1987年
3162,《三國演義》
3163,周恩來參加政治部領導工作；經中共中央同意，周恩來
3164,中國人民銀行
3165,
3166,[UNK][UNK]
3167,2015年
3168,土地改革
3169,喬治·盧卡斯
3170,巴黎植物園
3171,周恩來
3172,1739年
3173,
3174,《開槍射擊令》
3175,
3176,商業上的活力
3177,
3178,東側
3179,田春蔚
3180,是歐洲委員會和歐洲聯盟委員會的跨文化城市項目的試點城市。
3181,亞屬名
3182,農礦部
3183,
3184,民主黨
3185,6世紀
3186,阿爾法版本
3187,波蘭
3188,
3189,《東方紅》
3190,中華民國政府在1949年撤遷
3191,公元前37年
3192,帝國主義
3193,彭浩翔
3194,北京
3195,1942年末
3196,巴洛克風格
3197,南國
3198,15年
3199,公元
3200,俗世什一稅
3201,受貨幣經濟影響
3202,歷代紀傳體史書中后妃傳
3203,民國時期
3204,匈牙利
3205,西班牙人
3206,31個
3207,無情
3208,新北市
3209,北竿島
3210,什潘別爾克
3211,奧圖·普萊明傑
3212,1235年
3213,地下水資源
3214,
3215,農民黨
3216,第二期
3217,天主教
3218,新北市
3219,光電工程
3220,波多黎各以東
3221,1945年
3222,400
3223,鱷魚
3224,斯洛伐克布拉迪斯拉發附近的多瑙河，向東南延伸成一個巨大的半圓形，屬於弧形山脈
3225,接納蒙古人民共和國加入聯合國，中華民國未參加表決
3226,「一」字形
3227,1919年
3228,江北地區
3229,拉丁語
3230,19世紀
3231,中山
3232,匈奴人
3233,鐵穆爾
3234,倭國
3235,1949年
3236,查理曼大帝下葬
3237,會長
3238,反對者
3239,昆明巫家壩國際機場
3240,豐田汽車
3241,魚類
3242,負責全國邊海防工作
3243,北極熊
3244,1964年
3245,約翰•波羅金侯恩
3246,19世紀
3247,星系天文學
3248,西奧多
3249,客家話
3250,24位
3251,厄爾布魯士峰
3252,中華民國實業部
3253,軍事科研活動
3254,中國共產黨紀律檢查機關
3255,
3256,民主黨
3257,1627年
3258,人性本善
3259,獲勝
3260,《中華人民共和國憲法
3261,公元第二世紀
3262,蘇聯
3263,忽必烈於1264年獲勝，而蒙古帝國也宣告分裂：蒙古四大汗國先後自立，忽必烈對於「蒙古大汗」稱號的繼承也沒有得到蒙古諸部的一致承認
3264,意圖完全擺脫漢朝的控制
3265,1924年
3266,中午12點
3267,毛澤東
3268,民國29年
3269,華萊士
3270,膨脹成為紅超巨星。一但核心的燃料耗盡，它們會繼續燃燒比氦更重的元素。核心繼續收縮直到溫度和壓力能夠讓碳融合
3271,39億美元
3272,布爾什維克革命
3273,民國元年
3274,1909年
3275,1233年
3276,4年
3277,卡佩爾戰爭
3278,
3279,教會法學博士
3280,維多利亞湖
3281,《天體運行論》
3282,馬英九
3283,可以演戲劇團』推出第一部作品『給我一個膠帶』。1993年，劉增[UNK]、林文彬創立台北曲藝團
3284,
3285,巴夏禮
3286,廣島市
3287,監理會
3288,吸毒
3289,韓國
3290,第二次世界大戰後
3291,1891米
3292,馬來西亞
3293,中世紀晚期出現的共同生活弟兄會的教士
3294,92%
3295,慎氏
3296,西伯利亞平原
3297,所有制社會主義
3298,馬林諾夫斯基
3299,湯瑪斯·霍布斯
3300,元太祖
3301,劉宋宗王
3302,消極
3303,李
3304,2.80
3305,1918年
3306,1282年
3307,爭取速度上的優勢
3308,吐蕃文字
3309,小高加索山脈
3310,用來指揮小隊或中隊
3311,明朝
3312,動物脂肪
3313,汽車以外的交通而供用的道路
3314,奈及利亞
3315,1955年
3316,8市83町村
3317,佛蘭德的鮑德溫伯爵被選為東方帝國的皇帝，管轄一個幅員不大的拉丁帝國
3318,路易·菲利普國王
3319,台北曲藝團
3320,1912年
3321,1965年
3322,鐵
3323,中國通俗文化
3324,9世紀
3325,特別警察部隊
3326,蒙疆聯合自治政府
3327,獅子
3328,宋高宗
3329,威武陳元帥廟
3330,美元
3331,地球
3332,蘇菲派
3333,2010年12月
3334,1826年
3335,1998年
3336,西班牙
3337,朝鮮人民軍最高司令官金正恩「朝鮮民主主義人民共和國元帥
3338,成吉思汗時代
3339,政體並未完全掌控社會經濟
3340,地中海
3341,1897年
3342,四年
3343,歌手
3344,君士坦丁八世
3345,食用菌產業中也占有一席之地，稻草經過發酵以後能用於栽培如雙孢蘑菇等食用菌。
3346,1949年
3347,岳飛
3348,劉牢之
3349,第二名
3350,長崎縣的飲食文化受到很強的西餐和中餐影響，當地盛行的卓袱
3351,五分之四
3352,日本人
3353,民族主義復活
3354,德國
3355,漢語
3356,集安
3357,1970年
3358,硫
3359,李先念
3360,五年
3361,瓜拿納樹
3362,
3363,髒層
3364,加壓
3365,遺傳物質
3366,克列孟梭
3367,海什木
3368,2006年
3369,白[UNK]紀中期
3370,
3371,屈克•溫斯頓
3372,印度國民軍的影響力，當時的報紙的報導可以反應大概情況。「印度國民軍士兵大審判」前後，不列顛印度軍隊頻頻爆發兵變，而且在皇家印度海軍
3373,1932年
3374,人口較南方多出許多
3375,1964年
3376,通俗科幻小說雜誌
3377,法語
3378,政治主張
3379,國際園藝家協會
3380,合肥市政府
3381,理查特里維西克
3382,一線天位於烈女義坑不遠的軍事據點
3383,彌爾
3384,《續資治通鑑長編》
3385,幽默
3386,無量山
3387,
3388,美國
3389,蘆葦盪
3390,非常小
3391,1961年
3392,計劃經濟體制
3393,英國
3394,田漢
3395,模特兒
3396,1284年
3397,民國27年
3398,天城體
3399,107
3400,2005年3月20日
3401,43.4%
3402,路易十三
3403,雷根
3404,1935年
3405,使得殖民當局對動盪的局勢增加了應變能力
3406,伊利諾州
3407,公元前240年
3408,奧古斯特公爵圖書館
3409,性犯罪
3410,地質作用
3411,公元前779年，申侯
3412,第二代
3413,黃大仙區
3414,元世祖
3415,1888年
3416,巴西爾二世
3417,至元十一年
3418,反坦克彈
3419,德川家康
3420,哈大客運專線
3421,「中國民間藝術之鄉」
3422,樣磨說
3423,恰克圖條約
3424,每年有兩個雨季，一個是從4月中旬到8月中旬，一個是從12月到1月，剩下的時間就是乾季。
3425,黑山的激進黨代表普尼沙·拉契奇槍擊
3426,海恩豪森王宮花園
3427,臺灣府諸羅縣，1723年再改隸淡水廳。清治前期，漢人移民逐漸取代與同化平埔族，並入墾山區；但清廷
3428,協助自殺
3429,東漢
3430,美國[UNK]電視台
3431,1985年
3432,起點訂在西元前4713年1月1日
3433,1991年
3434,11世紀
3435,郭松齡
3436,祕書
3437,氦
3438,五權憲法
3439,天皇
3440,2014年
3441,鄉
3442,專業銀行支援農村經濟建設
3443,兩年
3444,導彈
3445,
3446,你吃飯了嗎？」
3447,15個
3448,宋公
3449,希洛分基地
3450,漢地大都
3451,康熙
3452,涵元殿
3453,雨果
3454,鄧小平
3455,不少亦達不到香港女性非常高的擇偶條件
3456,維爾紐斯
3457,民國時期
3458,西部片
3459,篩選基因的存在
3460,2000年代
3461,《魔戒》
3462,1958年
3463,儒家思想
3464,1954年
3465,
3466,粵西
3467,1897年
3468,總理
3469,1940年
3470,鐮倉幕府發現了後醍醐天皇的倒幕企圖
3471,完成了內部自治的體制
3472,倭王權
3473,中環
3474,1991年
3475,約瑟夫
3476,法國爆發二月革命
3477,雙手反拍
3478,星系天文學
3479,新南威爾斯學校
3480,
3481,
3482,中華人民共和國
3483,朱棣
3484,
3485,
3486,亞俄
3487,東漢
3488,1941年
3489,協助自殺
3490,
3491,薩爾布呂肯地區
3492,為中國最早有關傳染病研究的著作
